title,author,current_price,original_price,discount_percent,rating,review_count,format,isbn,availability,bestseller_rank,category,product_url,image_url,scraped_at
Threshing Day (Wing and Claw Collection),Rebecca Yarros,24.99,,,4.5,15,Hardcover,9781682818084,Pre-Order,,Science Fiction & Fantasy | Romance | Fantasy Fiction | Paranormal Romance | Other Fantasy Fiction Categories | Epic Fantasy | Fantasy Romance | Fantasy Collections & Anthologies | Fantasy - Women of Lore,https://www.barnesandnoble.com/w/threshing-day-rebecca-yarros/1150799611?ean=9781682818084,https://cdn.shopify.com/s/files/1/0674/5433/7265/files/9781682818084_p0.jpg?v=1784130778,2026-08-12T19:34:23+00:00
Theo of Golden: A Novel,Allen Levi,20.0,,,4.6,139,Paperback,9781668236512,Out of Stock,,Fiction | Literature | Fiction Subjects | Literary Fiction | Settings & Atmosphere - Fiction | Small Towns - Fiction,https://www.barnesandnoble.com/w/theo-of-golden-allen-levi/1143923011?ean=9781668236512,https://cdn.shopify.com/s/files/1/0674/5433/7265/files/9781668236512_p0.jpg?v=1776257763,2026-08-12T19:34:23+00:00
Project Hail Mary,Andy Weir,22.0,,,4.7,158,Paperback,9780593135228,Out of Stock,,Science Fiction & Fantasy | High Tech and Hard Science Fiction | Space Exploration - Fiction | Social Science Fiction | Alternate Realities - Fiction | Science Fiction - Science of Space Travel | Science Fiction - Alien Contact | Science Fiction - Future History,https://www.barnesandnoble.com/w/project-hail-mary-andy-weir/1137456421?ean=9780593135228,https://cdn.shopify.com/s/files/1/0674/5433/7265/files/9780593135228_p0.jpg?v=1782873439,2026-08-12T19:34:23+00:00
A Court of Thorns and Roses 6,Sarah J. Maas,32.0,,,4.5,8,Hardcover,9781639739134,Pre-Order,,Science Fiction & Fantasy | Romance | Fantasy Fiction | Paranormal Romance | Epic Fantasy | Fantasy Romance,https://www.barnesandnoble.com/w/a-court-of-thorns-and-roses-6-sarah-j-maas/1149621379?ean=9781639739134,https://cdn.shopify.com/s/files/1/0674/5433/7265/files/9781639739134_p0.jpg?v=1773083511,2026-08-12T19:34:23+00:00
The Odyssey: Translated by Emily Wilson,Homer,18.95,,,4.3,11,Paperback,9780393356250,Out of Stock,,Literature | Social Sciences | Poetry | Folklore & Mythology | Ancient & Classical Poetry | General & Miscellaneous Poetry | Greco-Roman Folklore & Mythology | Ancient Greek Poetry | Epic Poetry | New York Times Notable Fiction of 2018 | New York Times Notable Poetry of 2018 | Best Books of the Year | Best Books of the Year 2018 | New York Times Best Books of 2018,https://www.barnesandnoble.com/w/the-odyssey-homer/1129773507?ean=9780393356250,https://cdn.shopify.com/s/files/1/0674/5433/7265/files/9780393356250_p0.jpg?v=1764986319,2026-08-12T19:34:23+00:00
A Court of Thorns and Roses 7,Sarah J. Maas,38.0,,,5.0,2,Hardcover,9798260200568,Pre-Order,,Science Fiction & Fantasy | Romance | Fantasy Fiction | Paranormal Romance | Epic Fantasy | Fantasy Romance,https://www.barnesandnoble.com/w/a-court-of-thorns-and-roses-7-sarah-j-maas/1149621378?ean=9798260200568,https://cdn.shopify.com/s/files/1/0674/5433/7265/files/9798260200568_p0.jpg?v=1773083508,2026-08-12T19:34:23+00:00
Regime Change: Inside the Imperial Presidency of Donald Trump,Maggie Haberman,34.0,,,4.3,42,Hardcover,9781668067246,Out of Stock,,"Current Affairs & Politics | Politics & Government - General & Miscellaneous | United States Politics & Government | U.S. Politics in the Post Cold-War Era | U.S. Politics - General & Miscellaneous | Executive Branch | Federalism | U.S. Politics & Government - 2017- | U.S. Politics & Government - General & Miscellaneous | U.S. Politics & Government - 21st Century - General & Miscellaneous | The Executive Branch - General & Miscellaneous | Trump, Donald (1946-)->Political and social views",https://www.barnesandnoble.com/w/regime-change-maggie-haberman/1149840903?ean=9781668067246,https://cdn.shopify.com/s/files/1/0674/5433/7265/files/9781668067246_p0.jpg?v=1784298426,2026-08-12T19:34:23+00:00
Yesteryear (GMA Book Club Pick),Caro Claire Burke,25.0,30.0,16.67,3.9,343,Hardcover,9780593804216,Out of Stock,,"Fiction | Mystery & Thrillers | Awards | Fiction Subjects | Humorous Fiction | Politics & Social Issues - Fiction | Thrillers | Satire | Sexism, Feminism & Gender Equality - Fiction | Psychological Suspense | Book Club Selections | Good Morning America Book Club | 2026 Good Morning America Book Club Picks | Barnes & Noble Discover Prize | 2026 Barnes & Noble Discover Prize | 2026 Barnes & Noble Discover Prize Finalists",https://www.barnesandnoble.com/w/yesteryear-caro-claire-burke/1147793810?ean=9780593804216,https://cdn.shopify.com/s/files/1/0674/5433/7265/files/9780593804216_p0.jpg?v=1775530100,2026-08-12T19:34:23+00:00
Dungeon Crawler Carl (Dungeon Crawler Carl Series #1),Matt Dinniman,20.0,,,4.8,90,Paperback,9780593820254,Out of Stock,,"Science Fiction & Fantasy | Fantasy Fiction | Other Science Fiction Categories | Role-Playing Game Fiction | Adventure fantasy->Other | Action & Adventure Science Fiction | LitRPG Fiction | Barnes & Noble Monthly Picks | 2026 Barnes & Noble Monthly Picks | January 2026 Barnes & Noble Monthly Picks | Science Fiction, Fantasy, & Horror Book Awards | Arthur C. Clarke Award | 2026 Arthur C. Clarke Award | 2026 Arthur C. Clarke Award Shortlist",https://www.barnesandnoble.com/w/dungeon-crawler-carl-matt-dinniman/1145437169?ean=9780593820254,https://cdn.shopify.com/s/files/1/0674/5433/7265/files/9780593820254_p0.jpg?v=1768501114,2026-08-12T19:34:23+00:00
The Calamity Club: A Novel,Kathryn Stockett,30.0,35.0,14.29,4.7,219,Hardcover,9781954118812,Out of Stock,,"Fiction | Fiction Subjects | Historical Fiction | Women's Fiction | Business, Work, & Money - Fiction | 20th Century Historical Fiction - General & Miscellaneous | Women - Sense of Place | Depressions & Recessions - Fiction",https://www.barnesandnoble.com/w/the-calamity-club-kathryn-stockett/1147098401?ean=9781954118812,https://cdn.shopify.com/s/files/1/0674/5433/7265/files/9781954118812_p0.jpg?v=1779235212,2026-08-12T19:34:23+00:00
Adversary to the Villain (B&N Exclusive Edition) (Assistant and the Villain #4),Hannah Nicole Maehrer,14.99,19.99,25.01,5.0,2,BN Exclusive (Paperback),9781682817230,Out of Stock,,Romance | Romantic Fiction Themes | Paranormal Romance | Romantic Comedy | Fantasy Romance,https://www.barnesandnoble.com/w/adversary-to-the-villain-hannah-nicole-maehrer/1148285004,https://cdn.shopify.com/s/files/1/0674/5433/7265/files/9781682817230_p0.jpg?v=1771623548,2026-08-12T19:34:23+00:00
Mac & Cheese: The Origin Story (B&N Exclusive Edition) (Delicious Duos Series),Michael L. Benner,19.99,,,5.0,40,BN Exclusive (Hardcover),9798225096687,Out of Stock,,Kids | Fiction & Literature - Kids | Humor - Kids Fiction | Food - Kids Fiction | Emotions & Behaviors - Kids Fiction | Humorous stories->Miscellanea->Children's fiction,https://www.barnesandnoble.com/w/mac-cheese-michael-l-benner/1147905670,https://cdn.shopify.com/s/files/1/0674/5433/7265/files/9798225096687_p0.jpg?v=1776968395,2026-08-12T19:34:23+00:00
Whistler: A Novel,Ann Patchett,27.0,30.0,10.0,4.8,75,Hardcover,9780063511637,Out of Stock,,Fiction | Literature | Fiction Subjects | American Fiction | Family & Friendship - Fiction | Literary Fiction | 21st Century American Fiction | Adoption & Stepfamilies - Fiction,https://www.barnesandnoble.com/w/whistler-ann-patchett/1148504538?ean=9780063511637,https://cdn.shopify.com/s/files/1/0674/5433/7265/files/9780063511637_p0.jpg?v=1774471825,2026-08-12T19:34:23+00:00
"The Deal (Off-Campus, #1)",Elle Kennedy,16.99,18.99,10.53,4.5,59,Paperback,9781775293934,Out of Stock,,Romance | Romantic Fiction Themes | Contemporary Romance | Other Romance Categories | Erotic Romance | Sports Romance | Romance - New Adult | Contemporary Romance - General,https://www.barnesandnoble.com/w/the-deal-elle-kennedy/1121202984?ean=9781775293934,https://cdn.shopify.com/s/files/1/0674/5433/7265/files/9781775293934_p0.jpg?v=1779141993,2026-08-12T19:34:23+00:00
Carl's Doomsday Scenario (Dungeon Crawler Carl #2),Matt Dinniman,25.0,30.0,16.67,4.7,26,Hardcover,9780593820261,Out of Stock,,Science Fiction & Fantasy | Fantasy Fiction | Other Science Fiction Categories | Role-Playing Game Fiction | Adventure fantasy->Other | Action & Adventure Science Fiction | LitRPG Fiction,https://www.barnesandnoble.com/w/carls-doomsday-scenario-matt-dinniman/1145070342?ean=9780593820261,https://cdn.shopify.com/s/files/1/0674/5433/7265/files/9780593820261_p0.jpg?v=1765122403,2026-08-12T19:34:23+00:00
Red Rising (Red Rising Series #1),Pierce Brown,16.0,18.0,11.11,4.5,137,Paperback,9780345539809,Out of Stock,,Science Fiction & Fantasy | Fiction | Fiction Subjects | Social Science Fiction | Settings & Atmosphere - Fiction | Science Fiction - Societies & Cultures | Utopias/Dystopias - Fiction | Hi-Lo Fiction,https://www.barnesandnoble.com/w/red-rising-pierce-brown/1110614785?ean=9780345539809,https://cdn.shopify.com/s/files/1/0674/5433/7265/files/9780345539809_p0.jpg?v=1764920989,2026-08-12T19:34:23+00:00
"Heartstopper, Volume 6",Alice Oseman,16.99,19.99,15.01,4.7,12,Paperback,9781546102441,Out of Stock,,Teens & YA | Teen Fiction | Romance - Teen Fiction | Comics & Graphic Novels - Teen Fiction | LGBT Fiction - Teen Fiction | YOUNG ADULT FICTION->Comics & Graphic Novels->Romance | YOUNG ADULT FICTION->Comics & Graphic Novels | LGBT comics and graphic novels->Teen fiction,https://www.barnesandnoble.com/w/heartstopper-volume-6-alice-oseman/1148360297?ean=9781546102441,https://cdn.shopify.com/s/files/1/0674/5433/7265/files/9781546102441_p0.jpg?v=1781577698,2026-08-12T19:34:23+00:00
Murdoku: 80 Murder Mystery Logic Puzzles,Manuel Garand,18.99,,,4.9,10,Paperback,9781454961796,Out of Stock,,"Activity & Game Books | Sudoku | Puzzles, Brain Teasers & Logic Games | Sudoku puzzles | Logic puzzles",https://www.barnesandnoble.com/w/murdoku-manuel-garand/1147152028?ean=9781454961796,https://cdn.shopify.com/s/files/1/0674/5433/7265/files/9781454961796_p0.jpg?v=1768964177,2026-08-12T19:34:23+00:00
Dungeon Crawler Carl (Dungeon Crawler Carl Series #1),Matt Dinniman,25.0,30.0,16.67,4.8,90,Hardcover,9780593820247,Out of Stock,,"Science Fiction & Fantasy | Fantasy Fiction | Other Science Fiction Categories | Role-Playing Game Fiction | Adventure fantasy->Other | Action & Adventure Science Fiction | LitRPG Fiction | Barnes & Noble Monthly Picks | 2026 Barnes & Noble Monthly Picks | January 2026 Barnes & Noble Monthly Picks | Science Fiction, Fantasy, & Horror Book Awards | Arthur C. Clarke Award | 2026 Arthur C. Clarke Award | 2026 Arthur C. Clarke Award Shortlist",https://www.barnesandnoble.com/w/dungeon-crawler-carl-matt-dinniman/1145437169?ean=9780593820247,https://cdn.shopify.com/s/files/1/0674/5433/7265/files/9780593820247_p0.jpg?v=1768501112,2026-08-12T19:34:23+00:00
The Dungeon Anarchist's Cookbook (Dungeon Crawler Carl #3),Matt Dinniman,25.0,30.0,16.67,4.4,28,Hardcover,9780593820285,Out of Stock,,Science Fiction & Fantasy | Fantasy Fiction | Other Science Fiction Categories | Role-Playing Game Fiction | Adventure fantasy->Other | Action & Adventure Science Fiction | LitRPG Fiction,https://www.barnesandnoble.com/w/the-dungeon-anarchists-cookbook-matt-dinniman/1145437166?ean=9780593820285,https://cdn.shopify.com/s/files/1/0674/5433/7265/files/9780593820285_p0.jpg?v=1765122222,2026-08-12T19:34:23+00:00
The Wedding People: A Novel,Alison Espach,18.99,,,4.5,68,Paperback,9781250899552,Out of Stock,3120,Fiction | Awards | Fiction Subjects | Humorous Fiction | Women's Fiction | Love & Relationships - Fiction | Humorous Fiction - General | Women - Self Realization | Marriage - Fiction | Barnes & Noble Book Club Selections 2024 | Read with Jenna Today Book Club Picks 2024 | Book Club Selections | Barnes & Noble Book Club | Read with Jenna Today Book Club | Barnes & Noble Monthly Picks | 2026 Barnes & Noble Monthly Picks | August 2026 Barnes & Noble Monthly Picks,https://www.barnesandnoble.com/w/the-wedding-people-alison-espach/1144054625?ean=9781250899552,https://cdn.shopify.com/s/files/1/0674/5433/7265/files/9781250899552_p0.jpg?v=1785810845,2026-08-12T19:34:23+00:00
"The Score (Off-Campus, #3)",Elle Kennedy,16.99,18.99,10.53,4.8,16,Paperback,9781775293958,Out of Stock,,Romance | Contemporary Romance | Other Romance Categories | Sports Romance | Romance - New Adult,https://www.barnesandnoble.com/w/the-score-elle-kennedy/1122824500?ean=9781775293958,https://cdn.shopify.com/s/files/1/0674/5433/7265/files/9781775293958_p0.jpg?v=1779141991,2026-08-12T19:34:23+00:00
"The Mistake (Off-Campus, #2)",Elle Kennedy,16.99,18.99,10.53,4.3,13,Paperback,9781775293941,Out of Stock,,Romance | Contemporary Romance | Other Romance Categories | Sports Romance | Romance - New Adult,https://www.barnesandnoble.com/w/the-mistake-elle-kennedy/1114716266?ean=9781775293941,https://cdn.shopify.com/s/files/1/0674/5433/7265/files/9781775293941_p0.jpg?v=1779141992,2026-08-12T19:34:23+00:00
The Knave and the Moon (B&N Exclusive Edition),Rachel Gillig,25.0,30.0,16.67,5.0,2,BN Exclusive (Hardcover),9780316608329,Pre-Order,,Science Fiction & Fantasy | Romance | Fantasy Fiction | Paranormal Romance | Epic Fantasy | Dark Fantasy | Fantasy Romance,https://www.barnesandnoble.com/w/the-knave-and-the-moon-rachel-gillig/1148304786,https://cdn.shopify.com/s/files/1/0674/5433/7265/files/9780316608329_p0.jpg?v=1786044653,2026-08-12T19:34:23+00:00
A Parade of Horribles (Dungeon Crawler Carl #8),Matt Dinniman,27.0,32.0,15.62,4.9,26,Hardcover,9798217190065,Out of Stock,,Science Fiction & Fantasy | Fantasy Fiction | Other Science Fiction Categories | Role-Playing Game Fiction | Adventure fantasy->Other | Action & Adventure Science Fiction | LitRPG Fiction,https://www.barnesandnoble.com/w/a-parade-of-horribles-matt-dinniman/1148612407?ean=9798217190065,https://cdn.shopify.com/s/files/1/0674/5433/7265/files/9798217190065_p0.jpg?v=1781837685,2026-08-12T19:34:23+00:00
The Gate of the Feral Gods (Dungeon Crawler Carl #4),Matt Dinniman,25.0,30.0,16.67,4.8,17,Hardcover,9780593955970,Out of Stock,,Science Fiction & Fantasy | Fantasy Fiction | Other Science Fiction Categories | Role-Playing Game Fiction | Adventure fantasy->Other | Action & Adventure Science Fiction | LitRPG Fiction,https://www.barnesandnoble.com/w/the-gate-of-the-feral-gods-matt-dinniman/1146460801?ean=9780593955970,https://cdn.shopify.com/s/files/1/0674/5433/7265/files/9780593955970_p0.jpg?v=1765123642,2026-08-12T19:34:23+00:00
Ransom (Gabriel Allon Series #26),Daniel Silva,22.4,32.0,30.0,4.4,7,Hardcover,9780063384224,Out of Stock,,Mystery & Thrillers | Thrillers | Suspense Fiction | Espionage Thrillers | Action Thrillers,https://www.barnesandnoble.com/w/ransom-daniel-silva/1149314386?ean=9780063384224,https://cdn.shopify.com/s/files/1/0674/5433/7265/files/9780063384224_p0.jpg?v=1775506654,2026-08-12T19:34:23+00:00
Our Last Resort: A Novel (B&N Exclusive Edition),Clémence Michallon,18.0,,,3.2,10,BN Exclusive (Paperback),9798217010967,Out of Stock,,Mystery & Thrillers | Fiction | Fiction Subjects | Thrillers | Crimes - Fiction | Suspense Fiction | Psychological Suspense | Criminals - Fiction | Barnes & Noble Monthly Picks | 2026 Barnes & Noble Monthly Picks | July 2026 Barnes & Noble Monthly Picks,https://www.barnesandnoble.com/w/our-last-resort-clemence-michallon/1146395859,https://cdn.shopify.com/s/files/1/0674/5433/7265/files/9798217010967_p0.jpg?v=1777398627,2026-08-12T19:34:23+00:00
Fahrenheit 451: A Novel,Ray Bradbury,17.0,,,4.2,82,Paperback,9781451673319,Out of Stock,,Fiction | Science Fiction & Fantasy | Movie & TV Tie-Ins | Fiction Subjects | Books at the Movies | Social Science Fiction | Alternate Realities - Fiction | Other Science Fiction Categories | Settings & Atmosphere - Fiction | Politics & Social Issues - Fiction | Science Fiction & Fantasy - Books at the Movies | Science Fiction - Future History | Science Fiction - Societies & Cultures | Science Fiction Classics | Totalitarian States & Occupied Countries - Fiction | Utopias/Dystopias - Fiction,https://www.barnesandnoble.com/w/fahrenheit-451-ray-bradbury/1100383286?ean=9781451673319,https://cdn.shopify.com/s/files/1/0674/5433/7265/files/9781451673319_p0.jpg?v=1766001115,2026-08-12T19:34:23+00:00
Remarkably Bright Creatures,Shelby Van Pelt,19.99,,,4.6,92,Paperback,9780063204164,Out of Stock,,Fiction | Awards | Fiction Subjects | Phases of Life - Fiction | Family & Friendship - Fiction | Animals - Fiction | Old Age - Fiction | Family Illness & Death - Fiction | Animals - General - Fiction | Friendship - Fiction | Read with Jenna Today Book Club Picks 2022 | Book Club Selections | Read with Jenna Today Book Club | Barnes & Noble Monthly Picks | Previous Barnes & Noble Monthly Picks | 2025 Barnes & Noble Monthly Picks | May 2025 Barnes & Noble Monthly Picks,https://www.barnesandnoble.com/w/remarkably-bright-creatures-shelby-van-pelt/1139955287?ean=9780063204164,https://cdn.shopify.com/s/files/1/0674/5433/7265/files/9780063204164_p0.jpg?v=1777410306,2026-08-12T19:34:23+00:00
Daggermouth,H. M. Wolfe,31.0,34.0,8.82,4.7,101,Hardcover,9798347122363,Out of Stock,,Romance | Fiction | Fiction Subjects | Paranormal Romance | Romantic Fiction Themes | Settings & Atmosphere - Fiction | Science Fiction Romance | Romantic Suspense | Utopias/Dystopias - Fiction | Dark Romance,https://www.barnesandnoble.com/w/daggermouth-h-m-wolfe/1149473002?ean=9798347122363,https://cdn.shopify.com/s/files/1/0674/5433/7265/files/9798347122363_p0.jpg?v=1783418896,2026-08-12T19:34:23+00:00
Sunrise on the Reaping (B&N Exclusive Edition) (A Hunger Games Novel),Suzanne Collins,14.99,17.99,16.68,4.7,211,BN Exclusive (Paperback),9798225069230,Out of Stock,,"Teens & YA | Teen Fiction | Science Fiction - Teen Fiction | Adventure & Survival - Teen Fiction | Choices & Transitions - Teen Fiction | Science fiction->Dystopian->Teen fiction | Dystopias/Utopias->Teen fiction | Best Books of the Year | Best Books of the Year 2025 | Barnes & Noble's Best Books of 2025 | Barnes & Noble's Best Young Adult Books of 2025 | Barnes & Noble Book of the Year | 2025 Barnes & Noble Book of the Year | 2025 Barnes & Noble Book of the Year Finalists | New York Times Best Books of 2025 | New York Times Notable Fiction of 2025 | USA Today's Best Books of 2025 | USA Today's Top 15 Books of 2025 | Science Fiction, Fantasy, & Horror Book Awards | Nebula Awards | 2025 Nebula Awards | Andre Norton Award for Middle Grade and Young Adult Fiction->2025 Nebula Finalists",https://www.barnesandnoble.com/w/sunrise-on-the-reaping-suzanne-collins/1145703863,https://cdn.shopify.com/s/files/1/0674/5433/7265/files/9798225069230_p0.jpg?v=1769054079,2026-08-12T19:34:23+00:00
The Let Them Theory: A Life-Changing Tool That Millions of People Can't Stop Talking About,Mel Robbins,24.99,29.99,16.67,3.3,125,Hardcover,9781401971366,Out of Stock,,"Business | Self-Help & Relationships | Business Life & Careers | Business Life & Skills | Personal Growth | Business Life - General & Miscellaneous | Business Life - Inspirational | Success, Motivation & Self-Esteem | Best Books of the Year | Best Books of the Year 2025 | Barnes & Noble's Best Books of 2025 | Barnes & Noble's Best Personal Development Books of 2025 | Barnes & Noble Book of the Year | 2025 Barnes & Noble Book of the Year | 2025 Barnes & Noble Book of the Year Finalists",https://www.barnesandnoble.com/w/the-let-them-theory-mel-robbins/1146342595?ean=9781401971366,https://cdn.shopify.com/s/files/1/0674/5433/7265/files/9781401971366_p0.jpg?v=1768989061,2026-08-12T19:34:23+00:00
Immortal Consequences: A Good Morning America YA Book Club Pick,I. V. Marie,14.99,,,4.3,42,Paperback,9780593898833,Out of Stock,,Teens & YA | Fiction | Teen Fiction | Fiction Subjects | Fantasy - Teen Fiction | Religion & Alternative Beliefs - Teen Fiction | Romance - Teen Fiction | Dark fantasy->Teen fiction | Occult & Alternate Beliefs->Teen fiction | Romance->Paranormal->Teen fiction | Hi-Lo Fiction | Barnes & Noble Monthly Picks | 2026 Barnes & Noble Monthly Picks | July 2026 Barnes & Noble Monthly Picks,https://www.barnesandnoble.com/w/immortal-consequences-i-v-marie/1147919965?ean=9780593898833,https://cdn.shopify.com/s/files/1/0674/5433/7265/files/9780593898833_p0.jpg?v=1773288449,2026-08-12T19:34:23+00:00
The Butcher's Masquerade (Dungeon Crawler Carl Series #5),Matt Dinniman,30.0,35.0,14.29,4.9,15,Hardcover,9780593955994,Out of Stock,,Science Fiction & Fantasy | Fantasy Fiction | Other Science Fiction Categories | Role-Playing Game Fiction | Adventure fantasy->Other | Action & Adventure Science Fiction | LitRPG Fiction,https://www.barnesandnoble.com/w/the-butchers-masquerade-matt-dinniman/1146460803?ean=9780593955994,https://cdn.shopify.com/s/files/1/0674/5433/7265/files/9780593955994_p0.jpg?v=1765122731,2026-08-12T19:34:23+00:00
Moss'd in Space,Rebecca Thorne,18.99,,,4.7,23,Paperback,9781250414144,Out of Stock,,Fiction | Romance | Science Fiction & Fantasy | LGBT Fiction | Paranormal Romance | Fantasy Fiction | Lesbian Fiction - Other | Science Fiction Romance | Cozy Fantasy | Barnes & Noble Monthly Picks | 2026 Barnes & Noble Monthly Picks | July 2026 Barnes & Noble Monthly Picks,https://www.barnesandnoble.com/w/mossd-in-space-rebecca-thorne/1148028687?ean=9781250414144,https://cdn.shopify.com/s/files/1/0674/5433/7265/files/9781250414144_p0.jpg?v=1774903357,2026-08-12T19:34:23+00:00
Seek Immediate Shelter (Barnes & Noble Discover Prize Winner),Vincent Yu,25.99,28.99,10.35,3.8,32,Hardcover,9781250410122,Out of Stock,,Fiction | Literature | Fiction Subjects | American Fiction | Literary Fiction | Disasters & Accidents - Fiction | Settings & Atmosphere - Fiction | 21st Century American Fiction | Disasters - Fiction | Small Towns - Fiction | Barnes & Noble Monthly Picks | 2026 Barnes & Noble Monthly Picks | July 2026 Barnes & Noble Monthly Picks | Barnes & Noble Discover Prize | 2026 Barnes & Noble Discover Prize | 2026 Barnes & Noble Discover Prize Finalists | 2026 Barnes & Noble Discover Prize Winner,https://www.barnesandnoble.com/w/seek-immediate-shelter-vincent-yu/1148026418?ean=9781250410122,https://cdn.shopify.com/s/files/1/0674/5433/7265/files/9781250410122_p0.jpg?v=1786383397,2026-08-12T19:34:23+00:00
The Song of Achilles,Madeline Miller,17.99,,,4.7,210,Paperback,9780062060624,Out of Stock,,Fiction | Literature | Fiction Subjects | American Fiction | Literary Fiction | Historical Fiction | Historical Figures - Fiction | Literary Styles & Movements - Fiction | 21st Century American Fiction | Ancient Greece - Historical Fiction | Deities - Fiction | Myths & Legends - Fiction | 2012 Orange Prize Shortlist | 2012 Orange Prize Winner | Washington Post Notable Fiction of 2012 | 2013 Stonewall Honor Books in Literature | Fiction Awards | British Literary Awards | Women's Prize for Fiction (formerly the Orange Prize for Fiction) | Previous Shortlists - Women's Prize for Fiction | All Winners - Women's Prize for Fiction | Best Books of the Year | Best Books of the Year 2012 | Washington Post Best Books of 2012 | LGBT Awards | Stonewall Book Awards | All Stonewall Honor Books in Literature,https://www.barnesandnoble.com/w/the-song-of-achilles-madeline-miller/1103167914?ean=9780062060624,https://cdn.shopify.com/s/files/1/0674/5433/7265/files/9780062060624_p0.jpg?v=1768986166,2026-08-12T19:34:23+00:00
The Iliad: Translated by Emily Wilson,Homer,19.99,,,4.0,4,Paperback,9781324076148,Out of Stock,,Literature | Social Sciences | Poetry | Folklore & Mythology | Ancient & Classical Poetry | General & Miscellaneous Poetry | Greco-Roman Folklore & Mythology | Ancient Greek Poetry | Epic Poetry,https://www.barnesandnoble.com/w/the-iliad-homer/1143278097?ean=9781324076148,https://cdn.shopify.com/s/files/1/0674/5433/7265/files/9781324076148_p0.jpg?v=1765226008,2026-08-12T19:34:23+00:00
Meet Me in Paris: A Novel,Kristin Harmel,29.0,,,4.5,64,Hardcover,9781668092538,Out of Stock,,Romance | Fiction | Fiction Subjects | Contemporary Romance | Women's Fiction | Travel & Transportation - Fiction | International Lovers - Contemporary Romance | Women - General & Miscellaneous - Fiction | Travel - Fiction,https://www.barnesandnoble.com/w/meet-me-in-paris-kristin-harmel/1148559951?ean=9781668092538,https://cdn.shopify.com/s/files/1/0674/5433/7265/files/9781668092538_p0.jpg?v=1776946757,2026-08-12T19:34:23+00:00
Circe,Madeline Miller,19.99,,,4.5,70,Paperback,9780316556323,Out of Stock,,Awards | Fiction | Literature | Fiction Subjects | American Fiction | Historical Fiction | Literary Styles & Movements - Fiction | 21st Century American Fiction | Ancient Greece - Historical Fiction | Myths & Legends - Fiction | Publishers Weekly's Best Fiction of 2018 | TIME Magazine's 10 Best Fiction Books of 2018 | Barnes & Noble's Best Fiction of 2018 | Barnes & Noble's Best Fiction & Nonfiction of 2018 | Entertainment Weekly's 10 Best Books of 2018 | People Magazine's 10 Best Books of 2018 | Boston Globe's Best Fiction of 2018 | 2019 Alex Award Winners | 2019 Women's Prize for Fiction Shortlist | 2019 PBS NewsHour-New York Times Now Read This Book Club Selections | June 2020 Barnes & Noble Monthly Picks | Best Books of the Year | Best Books of the Year 2018 | Publishers Weekly's Best Books of 2018 | TIME Magazine's Best Books of 2018 | Barnes & Noble's Best Books of 2018 | Entertainment Weekly's Best Books of 2018 | People Magazine's Best Books of 2018 | Boston Globe's Best Books of 2018 | Teen Book Awards | Alex Awards | Previous Winners - Alex Awards | Fiction Awards | British Literary Awards | Women's Prize for Fiction (formerly the Orange Prize for Fiction) | Previous Shortlists - Women's Prize for Fiction | Book Club Selections | PBS NewsHour-New York Times Now Read This Book Club | Barnes & Noble Monthly Picks | Previous Barnes & Noble Monthly Picks | 2020 Barnes & Noble Monthly Picks | Hi-Lo Fiction,https://www.barnesandnoble.com/w/circe-madeline-miller/1028697822?ean=9780316556323,https://cdn.shopify.com/s/files/1/0674/5433/7265/files/9780316556323_p0.jpg?v=1785354896,2026-08-12T19:34:23+00:00
The Shampoo Effect (Read with Jenna Pick),Jenny Jackson,27.0,30.0,10.0,4.0,12,Hardcover,9798217059959,Out of Stock,,Fiction | Literature | Awards | Fiction Subjects | Literary Fiction | Women's Fiction | Family & Friendship - Fiction | Settings & Atmosphere - Fiction | Women - Between Friends | Family Life - Fiction | Small Towns - Fiction | Friendship - Fiction | Book Club Selections | Barnes & Noble Book Club | 2026 Barnes & Noble Book Club Selections | Read with Jenna Today Book Club | 2026 Read with Jenna Today Book Club Picks,https://www.barnesandnoble.com/w/the-shampoo-effect-jenny-jackson/1148139092?ean=9798217059959,https://cdn.shopify.com/s/files/1/0674/5433/7265/files/9798217059959_p0.jpg?v=1782318692,2026-08-12T19:34:23+00:00
"Jujutsu Kaisen, Vol. 1",Gege Akutami,11.99,,,5.0,30,Paperback,9781974710027,Out of Stock,,Graphic Novels & Comics - Manga | Manga | Action & Adventure Manga | Fantasy Manga | Shonen - General & Miscellaneous | Barnes & Noble's Best Manga & Light Novel Series of 2021 | Best Books of the Year | Best Books of the Year 2021 | Barnes & Noble's Best Books of 2021,https://www.barnesandnoble.com/w/jujutsu-kaisen-vol-1-gege-akutami/1130959945?ean=9781974710027,https://cdn.shopify.com/s/files/1/0674/5433/7265/files/9781974710027_p0.jpg?v=1764932591,2026-08-12T19:34:23+00:00
The Silent Patient,Alex Michaelides,17.99,,,4.6,361,Paperback,9781250301703,Out of Stock,,Mystery & Thrillers | Thrillers | Psychological Suspense | Publishers Weekly's Best Mysteries/Thrillers of 2019 | Barnes & Noble's Best Fiction of 2019 | 2020 Thriller Award Nominees | 2019 Barnes & Noble Book of the Year Finalists | Best Books of the Year | Best Books of the Year 2019 | Publishers Weekly's Best Books of 2019 | Barnes & Noble's Best Books of 2019 | Mystery & Thriller Book Awards | Thriller Awards | Previous Thriller Award Nominees | Barnes & Noble Book of the Year | Previous Barnes & Noble Book of the Year | 2019 Barnes & Noble Book of the Year | Barry Awards | Previous Nominees - Barry Awards | 2020 Barry Award Nominees,https://www.barnesandnoble.com/w/the-silent-patient-alex-michaelides/1128638857?ean=9781250301703,https://cdn.shopify.com/s/files/1/0674/5433/7265/files/9781250301703_p0.jpg?v=1765207812,2026-08-12T19:34:23+00:00
"Murdle: Volume 1: 100 Elementary to Impossible Mysteries to Solve Using Logic, Skill, and the Power of Deduction",G. T. Karber,18.0,,,4.9,14,Paperback,9781250892317,Out of Stock,,"Activity & Game Books | Puzzles, Brain Teasers & Logic Games | Logic puzzles | May 2024 Barnes & Noble Monthly Picks | Barnes & Noble Monthly Picks | Previous Barnes & Noble Monthly Picks | 2024 Barnes & Noble Monthly Picks",https://www.barnesandnoble.com/w/murdle-g-t-karber/1141976523?ean=9781250892317,https://cdn.shopify.com/s/files/1/0674/5433/7265/files/9781250892317_p0.jpg?v=1768985477,2026-08-12T19:34:23+00:00
Game On (B&N Exclusive Edition) (Into Darkness Series #3),Navessa Allen,16.0,19.0,15.79,4.3,85,BN Exclusive (Paperback),9781638934561,Out of Stock,,Romance | Romantic Fiction Themes | Contemporary Romance | Romantic Comedy | Contemporary Romantic Suspense | Romantic Suspense | Dark Romance,https://www.barnesandnoble.com/w/game-on-navessa-allen/1148120629,https://cdn.shopify.com/s/files/1/0674/5433/7265/files/9781638934561_p0.jpg?v=1768964540,2026-08-12T19:34:23+00:00
"Warriors Graphic Novel: The New Prophecy, Part One of Three",Erin Hunter,13.99,15.99,12.51,4.7,6,Paperback,9780063450882,Out of Stock,,"Kids | Fiction & Literature - Kids | Animals - Kids Fiction | Comic Books & Graphic Novels - Kids Fiction | Cats - Kids Fiction | Adventure, Adventurers & Heroes - Kids Fiction | General & Miscellaneous Animals - Kids Fiction | Cats->Children's fiction",https://www.barnesandnoble.com/w/warriors-graphic-novel-erin-hunter/1148666191?ean=9780063450882,https://cdn.shopify.com/s/files/1/0674/5433/7265/files/9780063450882_p0.jpg?v=1773265710,2026-08-12T19:34:23+00:00
The Correspondent (Women's Prize for Fiction Winner),Virginia Evans,28.0,,,4.7,109,Hardcover,9780593798430,Out of Stock,,Fiction | Literature | Fiction Subjects | American Fiction | Literary Styles & Movements - Fiction | Literary Fiction | Women's Fiction | Family & Friendship - Fiction | 21st Century American Fiction | Epistolary Fiction | Women - General & Miscellaneous - Fiction | Family Life - Fiction | Best Books of the Year | Best Books of the Year 2025 | Barnes & Noble's Best Books of 2025 | Barnes & Noble's Best Fiction of 2025 | Fiction Awards | British Literary Awards | Women's Prize for Fiction (formerly the Orange Prize for Fiction) | 2026 Women's Prize for Fiction | 2026 Women's Prize for Fiction Longlist | 2026 Women's Prize for Fiction Shortlist | All Winners - Women's Prize for Fiction | 2026 Women's Prize for Fiction Winner | PEN/Hemingway Award for Debut Fiction | 2026 PEN/Hemingway Award | 2026 PEN/Hemingway Award Winner | 2026 PEN/Hemingway Award Finalists | All Winners - PEN/Hemingway Award | 2021-2030->PEN/Hemingway Award Winners,https://www.barnesandnoble.com/w/the-correspondent-virginia-evans/1146138272?ean=9780593798430,https://cdn.shopify.com/s/files/1/0674/5433/7265/files/9780593798430_p0.jpg?v=1784776461,2026-08-12T19:34:23+00:00
Picking Daisies on Sundays,Liana Cincotti,15.99,18.99,15.8,4.5,27,Paperback,9781538779255,Out of Stock,177533,Romance | Fiction | Other Romance Categories | Contemporary Romance | Women's Fiction | Romance - New Adult | Contemporary Romance - General | Women - General & Miscellaneous - Fiction,https://www.barnesandnoble.com/w/picking-daisies-on-sundays-liana-cincotti/1145469024?ean=9781538779255,https://cdn.shopify.com/s/files/1/0674/5433/7265/files/9781538779255_p0.jpg?v=1771541124,2026-08-12T19:34:23+00:00
"A Marriage at Sea: A True Story of Love, Obsession, and Shipwreck",Sophie Elmhirst,20.0,,,5.0,4,Paperback,9780593854297,Out of Stock,,Biography | History | Transportation | General & Miscellaneous Biography | World History | Ships & Shipbuilding | Exploration & Discovery | Family Memoirs - Biography | Biography - General & Miscellaneous | Shipwrecks & Underwater Exploration | Marriage - Biography | Nonfiction->2025 Kirkus Prize Finalists | Other Awards | Kirkus Prize | 2025 Kirkus Prize | Best Books of the Year | Best Books of the Year 2025 | New York Times Best Books of 2025 | New York Times 10 Best Books of 2025 | New York Times Notable Nonfiction of 2025 | New Yorker's Best Books of 2025 | New Yorker's Best Nonfiction of 2025 | People Magazine's Best Books of 2025 | People Magazine's 15 Best Books of 2025 | Time Magazine's Best Books of 2025 | Time Magazine's 10 Best Books of 2025 | USA Today's Best Books of 2025 | USA Today's Top 15 Books of 2025 | Barnes & Noble Monthly Picks | 2026 Barnes & Noble Monthly Picks | July 2026 Barnes & Noble Monthly Picks,https://www.barnesandnoble.com/w/a-marriage-at-sea-sophie-elmhirst/1146395780?ean=9780593854297,https://cdn.shopify.com/s/files/1/0674/5433/7265/files/9780593854297_p0.jpg?v=1774894390,2026-08-12T19:34:23+00:00
Lights Out (Into Darkness Series #1),Navessa Allen,19.0,,,4.6,148,Paperback,9781638932239,Out of Stock,,Romance | Contemporary Romance | Romantic Fiction Themes | Contemporary Romantic Suspense | Dark Romance,https://www.barnesandnoble.com/w/lights-out-navessa-allen/1148125807?ean=9781638932239,https://cdn.shopify.com/s/files/1/0674/5433/7265/files/9781638932239_p0.jpg?v=1764933836,2026-08-12T19:34:23+00:00
Atomic Habits: An Easy & Proven Way to Build Good Habits & Break Bad Ones,James Clear,22.0,27.0,18.52,4.6,34,Hardcover,9780735211292,Out of Stock,,"Self-Help & Relationships | Business | Business Life & Careers | Personal Growth | Business Life & Skills | Success, Motivation & Self-Esteem | Organization & Time Management Skills | Self-Improvement",https://www.barnesandnoble.com/w/atomic-habits-james-clear/1129201155?ean=9780735211292,https://cdn.shopify.com/s/files/1/0674/5433/7265/files/9780735211292_p0.jpg?v=1765181695,2026-08-12T19:34:23+00:00
The Eye of the Bedlam Bride (Dungeon Crawler Carl #6),Matt Dinniman,34.0,39.0,12.82,4.8,9,Hardcover,9780593956014,Out of Stock,,Science Fiction & Fantasy | Fantasy Fiction | Other Science Fiction Categories | Role-Playing Game Fiction | Adventure fantasy->Other | Action & Adventure Science Fiction | LitRPG Fiction,https://www.barnesandnoble.com/w/the-eye-of-the-bedlam-bride-matt-dinniman/1146460700?ean=9780593956014,https://cdn.shopify.com/s/files/1/0674/5433/7265/files/9780593956014_p0.jpg?v=1765122735,2026-08-12T19:34:23+00:00
The Country Road Murders: A Thriller,James Patterson,21.0,30.0,30.0,4.2,29,Hardcover,9780316599870,Out of Stock,,Mystery & Thrillers | Thrillers | Suspense Fiction | Psychological Suspense,https://www.barnesandnoble.com/w/the-country-road-murders-james-patterson/1147704643?ean=9780316599870,https://cdn.shopify.com/s/files/1/0674/5433/7265/files/9780316599870_p0.jpg?v=1764908899,2026-08-12T19:34:23+00:00
The Divorce (B&N Exclusive Edition),Freida McFadden,15.99,18.99,15.8,4.5,32,BN Exclusive (Paperback),9781615954933,Out of Stock,,Mystery & Thrillers | Fiction | Thrillers | Women's Fiction | Suspense Fiction | Psychological Suspense | Women - General & Miscellaneous - Fiction,https://www.barnesandnoble.com/w/the-divorce-freida-mcfadden/1149325563,https://cdn.shopify.com/s/files/1/0674/5433/7265/files/9781615954933_p0.jpg?v=1771134958,2026-08-12T19:34:23+00:00
The Alchemist (25th Anniversary Edition),Paulo Coelho,17.99,,,4.2,451,Paperback,9780062315007,Out of Stock,,"Science Fiction & Fantasy | Fiction | Bibles & Christianity | Literature | New Age & Alternative Beliefs | Religion | Fiction Subjects | Peoples & Cultures - Fiction | World Fiction | Fantasy Fiction | Literary Styles & Movements - Fiction | Christian Fiction & Literature | Literary Fiction | Historical Fiction | New Age & Alternative Beliefs - General & Miscellaneous | Christianity | Latin American Fiction | Visionary & Metaphysical Fiction | Historical Fantasy | Fiction Classics | Christian Fiction - Fantasy | Fairy Tales, Folk Tales, Legends & Mythology - Fiction | Adventure fantasy->Other | Historical Fiction - Ancient | Christian Life | Brazilian Fiction | Multigenerational Sagas | Visionary & Metaphysical | Fables & Allegories | New Age | General & Miscellaneous Christian Life",https://www.barnesandnoble.com/w/the-alchemist-paulo-coelho/1100248293?ean=9780062315007,https://cdn.shopify.com/s/files/1/0674/5433/7265/files/9780062315007_p0.jpg?v=1765241683,2026-08-12T19:34:23+00:00
I Who Have Never Known Men,Jacqueline Harpman,16.95,,,4.5,32,Paperback,9781945492600,Out of Stock,,"Fiction | Literature | Science Fiction & Fantasy | Fiction Subjects | World Fiction | Politics & Social Issues - Fiction | Literary Fiction | Alternate Realities - Fiction | Settings & Atmosphere - Fiction | French Fiction | European Fiction - General | Sexism, Feminism & Gender Equality - Fiction | End of the World & Post-Apocalyptic Science Fiction | Utopias/Dystopias - Fiction | 20th Century French Fiction - Post-WWII | Belgian Fiction",https://www.barnesandnoble.com/w/i-who-have-never-known-men-jacqueline-harpman/1101058519?ean=9781945492600,https://cdn.shopify.com/s/files/1/0674/5433/7265/files/9781945492600_p0.jpg?v=1765829081,2026-08-12T19:34:23+00:00
Every Summer After,Carley Fortune,14.25,19.0,25.0,4.5,61,Paperback,9780593438534,Out of Stock,,Fiction | Romance | Fiction Subjects | Phases of Life - Fiction | Love & Relationships - Fiction | Contemporary Romance | Women's Fiction | Romantic Fiction Themes | Coming of Age - Fiction | First Love - Fiction | Contemporary Romance - General | Women - General & Miscellaneous - Fiction | Small Town Contemporary Romance | Romance - Former Lovers | Women - Romantic Relationships,https://www.barnesandnoble.com/w/every-summer-after-carley-fortune/1139996467?ean=9780593438534,https://cdn.shopify.com/s/files/1/0674/5433/7265/files/9780593438534_p0.jpg?v=1778640427,2026-08-12T19:34:23+00:00
Better Than the Movies,Lynn Painter,12.99,,,4.9,101,Paperback,9781534467637,Out of Stock,,Teens & YA | Fiction | Teen Fiction | Fiction Subjects | Humor - Teen Fiction | Romance - Teen Fiction | Romance->Humorous->Teen fiction | Hi-Lo Fiction,https://www.barnesandnoble.com/w/better-than-the-movies-lynn-painter/1137941902?ean=9781534467637,https://cdn.shopify.com/s/files/1/0674/5433/7265/files/9781534467637_p0.jpg?v=1768959631,2026-08-12T19:34:23+00:00
A Fatal Crossing: A Novel,Tom Hindle,20.0,,,3.7,9,Paperback,9798217185740,Out of Stock,,Mystery & Thrillers | Fiction | Cozy Mysteries & Amateur Sleuths | Historical Fiction | Other Mystery Categories | Amateur Detectives | Historical Mysteries | Barnes & Noble Monthly Picks | 2026 Barnes & Noble Monthly Picks | August 2026 Barnes & Noble Monthly Picks,https://www.barnesandnoble.com/w/a-fatal-crossing-tom-hindle/1141113731?ean=9798217185740,https://cdn.shopify.com/s/files/1/0674/5433/7265/files/9798217185740_p0.jpg?v=1784688427,2026-08-12T19:34:23+00:00
Project Hail Mary (Deluxe Edition): A Novel,Andy Weir,37.0,40.0,7.5,4.7,158,Special (Hardcover),9798217374274,Pre-Order,,Science Fiction & Fantasy | High Tech and Hard Science Fiction | Space Exploration - Fiction | Social Science Fiction | Alternate Realities - Fiction | Science Fiction - Science of Space Travel | Science Fiction - Alien Contact | Science Fiction - Future History,https://www.barnesandnoble.com/w/project-hail-mary-andy-weir/1137456421,https://cdn.shopify.com/s/files/1/0674/5433/7265/files/9798217374274_p0.jpg?v=1774280519,2026-08-12T19:34:23+00:00
Haunting Adeline (Cat and Mouse Duet #1),H. D. Carlton,20.0,,,4.2,184,Paperback,9781638932468,Out of Stock,,Romance | Contemporary Romance | Contemporary Romantic Suspense,https://www.barnesandnoble.com/w/haunting-adeline-h-d-carlton/1138639115?ean=9781638932468,https://cdn.shopify.com/s/files/1/0674/5433/7265/files/9781638932468_p0.jpg?v=1764933825,2026-08-12T19:34:23+00:00
A Court of Thorns and Roses (A Court of Thorns and Roses Series #1),Sarah J. Maas,19.0,,,4.6,246,Paperback,9781635575569,Out of Stock,,Science Fiction & Fantasy | Romance | Fantasy Fiction | Paranormal Romance | Epic Fantasy | Fantasy Romance | Fantasy - Women of Lore | 2016 Teen Choice Book Award Finalists | Teen Book Awards | Teen Choice Book Award | Previous Finalists - Teen Choice Book Award,https://www.barnesandnoble.com/w/a-court-of-thorns-and-roses-sarah-j-maas/1120160516?ean=9781635575569,https://cdn.shopify.com/s/files/1/0674/5433/7265/files/9781635575569_p0.jpg?v=1771879201,2026-08-12T19:34:23+00:00
This Inevitable Ruin (Dungeon Crawler Carl #7),Matt Dinniman,34.0,39.0,12.82,4.6,11,Hardcover,9798217190041,Out of Stock,,Science Fiction & Fantasy | Fantasy Fiction | Other Science Fiction Categories | Role-Playing Game Fiction | Adventure fantasy->Other | Action & Adventure Science Fiction | LitRPG Fiction,https://www.barnesandnoble.com/w/this-inevitable-ruin-matt-dinniman/1147317211?ean=9798217190041,https://cdn.shopify.com/s/files/1/0674/5433/7265/files/9798217190041_p0.jpg?v=1765254247,2026-08-12T19:34:23+00:00
The Outsiders,S. E. Hinton,14.99,,,4.8,330,Paperback,9780142407332,Out of Stock,,Teens & YA | Teen Fiction | Classics - Teen Fiction | Family & Relationships - Teen Fiction | Choices & Transitions - Teen Fiction | Young Adult Classics->Teen fiction | Siblings->Teen fiction | Family life->Teen fiction | Bullies and gangs->Teen fiction | 1988 Margaret A. Edwards Award Winner | Teen Book Awards | Margaret A. Edwards Award | Margaret A. Edwards Award - Previous Winners,https://www.barnesandnoble.com/w/the-outsiders-s-e-hinton/1100458329?ean=9780142407332,https://cdn.shopify.com/s/files/1/0674/5433/7265/files/9780142407332_p0.jpg?v=1765266743,2026-08-12T19:34:23+00:00
The Nightingale,Kristin Hannah,14.99,17.99,16.68,4.9,363,Paperback,9781250080400,Out of Stock,,Awards | Fiction | Fiction Subjects | Historical Fiction | Women's Fiction | Family & Friendship - Fiction | World War II - Historical Fiction | Women - Families | Sisters - Fiction | Reese's Book Club Picks 2023 | Book Club Selections | Reese Witherspoon's Book Club | Hi-Lo Fiction,https://www.barnesandnoble.com/w/the-nightingale-kristin-hannah/1119169484?ean=9781250080400,https://cdn.shopify.com/s/files/1/0674/5433/7265/files/9781250080400_p0.jpg?v=1765207806,2026-08-12T19:34:23+00:00
"The Summer Hikaru Died, Vol. 1",Mokumokuren,15.0,,,4.9,27,Paperback,9781975360542,Out of Stock,,Graphic Novels & Comics - Manga | Manga | Horror Manga | School Life Manga,https://www.barnesandnoble.com/w/the-summer-hikaru-died-vol-1-mokumokuren/1142973723?ean=9781975360542,https://cdn.shopify.com/s/files/1/0674/5433/7265/files/9781975360542_p0.jpg?v=1764946554,2026-08-12T19:34:23+00:00
The Housemaid,Freida McFadden,18.99,,,4.6,165,Paperback,9781538742570,Out of Stock,,Mystery & Thrillers | Thrillers | Domestic Thrillers | Thriller Award Winners for Best Paperback Original (2006-2024) | 2023 Thriller Award Winners | Mystery & Thriller Book Awards | Thriller Awards | Thriller Award Winners by Category | All Thriller Award Winners | Previous Thriller Award Nominees | 2023 Thriller Award Nominees,https://www.barnesandnoble.com/w/the-housemaid-freida-mcfadden/1142009317?ean=9781538742570,https://cdn.shopify.com/s/files/1/0674/5433/7265/files/9781538742570_p0.jpg?v=1772425356,2026-08-12T19:34:23+00:00
Spooky Cutie: Coloring Book for Adults and Kids,Coco Wyo,9.99,,,,,Paperback,9798217232789,Out of Stock,,Kids | Games & Activities - Kids | Fiction & Literature - Kids | Coloring Books - Kids | Activity Books - Kids Fiction | Fantasy coloring books->Kids | Coloring books->Children's fiction,https://www.barnesandnoble.com/w/spooky-cutie-coco-wyo/1150127504?ean=9798217232789,https://cdn.shopify.com/s/files/1/0674/5433/7265/files/9798217232789_p0.jpg?v=1773203790,2026-08-12T19:34:23+00:00
East of Eden,John Steinbeck,25.0,,,4.6,36,Paperback,9780142004234,Out of Stock,,Awards | Fiction | Literature | Movie & TV Tie-Ins | Fiction Subjects | American Fiction | Books at the Movies | Family & Friendship - Fiction | Literary Fiction | Historical Fiction | Conflicts - Fiction | Character Types - Fiction | 20th Century American Fiction | Fiction & Literature Classics | General Fiction - Books at the Movies | Family Sagas - Fiction | Fathers & Sons - Fiction | Multigenerational Sagas | Rivalries - Fiction | Brothers - Fiction | Femmes Fatales - Fiction | 20th Century American Fiction - 1945-2000 | American Fiction & Literature Classics | Oprah's Book Club->2003 | Books by Nobel Prize in Literature Laureates->1961-1970 | Book Club Selections | Oprah's Book Club | Nobel Prizes | Nobel Prize in Literature,https://www.barnesandnoble.com/w/east-of-eden-john-steinbeck/1100594195?ean=9780142004234,https://cdn.shopify.com/s/files/1/0674/5433/7265/files/9780142004234_p0.jpg?v=1768988972,2026-08-12T19:34:23+00:00
Sing the 50 United States!,Dr. Seuss,16.99,19.99,15.01,4.9,8,Hardcover,9798217228560,Out of Stock,,Kids | Social Studies - Kids | Games & Activities - Kids | Holidays & Festivals - Kids | United States People & Places - Kids | Miscellaneous U.S. People & Places - Kids | Travel - Kids | U.S. Holidays - Kids,https://www.barnesandnoble.com/w/sing-the-50-united-states-dr-seuss/1148595673?ean=9798217228560,https://cdn.shopify.com/s/files/1/0674/5433/7265/files/9798217228560_p0.jpg?v=1768967823,2026-08-12T19:34:23+00:00
The Last Letter,Rebecca Yarros,15.99,,,4.7,87,Paperback,9781640635333,Out of Stock,,Romance | Romantic Fiction Themes | Contemporary Romance | Military Romance | Contemporary Romance - General,https://www.barnesandnoble.com/w/the-last-letter-rebecca-yarros/1128573131?ean=9781640635333,https://cdn.shopify.com/s/files/1/0674/5433/7265/files/9781640635333_p0.jpg?v=1764957382,2026-08-12T19:34:23+00:00
Fourth Wing,Rebecca Yarros,17.99,20.99,14.29,4.6,426,Paperback,9781649377371,Out of Stock,177536,Science Fiction & Fantasy | Romance | Fantasy Fiction | Paranormal Romance | Epic Fantasy | Fantasy Romance | Fantasy - Women of Lore | Barnes & Noble's Best Fantasy Books of 2023 | 2023 Barnes & Noble Book of the Year Finalists | 2024 Alex Award Winners | Best Books of the Year | Best Books of the Year 2023 | Barnes & Noble's Best Books of 2023 | Barnes & Noble Book of the Year | Previous Barnes & Noble Book of the Year | 2023 Barnes & Noble Book of the Year | Teen Book Awards | Alex Awards | Previous Winners - Alex Awards,https://www.barnesandnoble.com/w/fourth-wing-rebecca-yarros/1142297916?ean=9781649377371,https://cdn.shopify.com/s/files/1/0674/5433/7265/files/9781649377371_p0.jpg?v=1766428763,2026-08-12T19:34:23+00:00
"The Goal (Off-Campus, #4)",Elle Kennedy,16.99,18.99,10.53,4.0,7,Paperback,9781775293965,Out of Stock,,Romance | Contemporary Romance | Other Romance Categories | Other Contemporary Romance | Sports Romance | Romance - New Adult,https://www.barnesandnoble.com/w/the-goal-elle-kennedy/1124458795?ean=9781775293965,https://cdn.shopify.com/s/files/1/0674/5433/7265/files/9781775293965_p0.jpg?v=1779141991,2026-08-12T19:34:23+00:00
Atmosphere: A Love Story (GMA Book Club Pick),Taylor Jenkins Reid,17.0,20.0,15.0,4.6,30,Paperback,9780593158739,Out of Stock,,"Fiction | Literature | Awards | Fiction Subjects | Literary Fiction | Women's Fiction | Historical Fiction | Science & Technology - Fiction | LGBT Fiction | Love & Relationships - Fiction | Women - General & Miscellaneous - Fiction | Multigenerational Sagas | Astronauts & Space - Fiction | Lesbian Love, Romance & Relationships | Relationships - Fiction | Book Club Selections | Good Morning America Book Club | Good Morning America Book Club Picks 2025 | Best Books of the Year | Best Books of the Year 2025 | Barnes & Noble's Best Books of 2025 | Barnes & Noble's Best Fiction of 2025 | People Magazine's Best Books of 2025 | People Magazine's 15 Best Books of 2025 | USA Today's Best Books of 2025 | USA Today's Top 15 Books of 2025",https://www.barnesandnoble.com/w/atmosphere-taylor-jenkins-reid/1146489330?ean=9780593158739,https://cdn.shopify.com/s/files/1/0674/5433/7265/files/9780593158739_p0.jpg?v=1778266824,2026-08-12T19:34:23+00:00
Cozy Friends: Coloring Book for Adults and Kids,Coco Wyo,9.99,,,,,Paperback,9798217232772,Out of Stock,,Kids | Fiction & Literature - Kids | Animals - Kids Fiction | Activity Books - Kids Fiction | General & Miscellaneous Animals - Kids Fiction | Activity books->General & Miscellaneous->Children's fiction | Coloring books->Children's fiction,https://www.barnesandnoble.com/w/cozy-friends-coco-wyo/1150127536?ean=9798217232772,https://cdn.shopify.com/s/files/1/0674/5433/7265/files/9798217232772_p0.jpg?v=1768971835,2026-08-12T19:34:23+00:00
Binding 13 (Standard Edition),Chloe Walsh,19.99,,,4.4,35,Paperback,9781464277061,Out of Stock,,Romance | Fiction | Fiction Subjects | Contemporary Romance | Contemporary Romance - General | Hi-Lo Fiction,https://www.barnesandnoble.com/w/binding-13-chloe-walsh/1143428727?ean=9781464277061,https://cdn.shopify.com/s/files/1/0674/5433/7265/files/9781464277061_p0.jpg?v=1785468966,2026-08-12T19:34:23+00:00
Cozy Corner: Coloring Book for Adults and Kids,Coco Wyo,8.99,,,5.0,3,Paperback,9798217116867,Out of Stock,,Kids | Fiction & Literature - Kids | Animals - Kids Fiction | Activity Books - Kids Fiction | General & Miscellaneous Animals - Kids Fiction | Activity books->General & Miscellaneous->Children's fiction | Coloring books->Children's fiction,https://www.barnesandnoble.com/w/cozy-corner-coco-wyo/1150127513?ean=9798217116867,https://cdn.shopify.com/s/files/1/0674/5433/7265/files/9798217116867_p0.jpg?v=1765253182,2026-08-12T19:34:23+00:00
Jujutsu Kaisen 0,Gege Akutami,11.99,,,4.1,15,Paperback,9781974720149,Out of Stock,,Graphic Novels & Comics - Manga | Manga | Action & Adventure Manga | Fantasy Manga | Shonen - General & Miscellaneous,https://www.barnesandnoble.com/w/jujutsu-kaisen-0-gege-akutami/1137300517?ean=9781974720149,https://cdn.shopify.com/s/files/1/0674/5433/7265/files/9781974720149_p0.jpg?v=1764932488,2026-08-12T19:34:23+00:00
Golden Son (Red Rising Series #2),Pierce Brown,18.0,21.0,14.29,4.6,17,Paperback,9780345539830,Out of Stock,,Science Fiction & Fantasy | Fiction | Fiction Subjects | Social Science Fiction | Settings & Atmosphere - Fiction | Science Fiction - Societies & Cultures | Utopias/Dystopias - Fiction | Hi-Lo Fiction,https://www.barnesandnoble.com/w/golden-son-pierce-brown/1118476760?ean=9780345539830,https://cdn.shopify.com/s/files/1/0674/5433/7265/files/9780345539830_p0.jpg?v=1764921602,2026-08-12T19:34:23+00:00
Between Two Fires,Christopher Buehlman,26.99,29.99,10.0,4.4,21,Hardcover,9781250439208,Out of Stock,,Science Fiction & Fantasy | Fiction | Fantasy Fiction | Horror | Historical Fantasy | Dark Fantasy | Supernatural Horror,https://www.barnesandnoble.com/w/between-two-fires-christopher-buehlman/1108799136?ean=9781250439208,https://cdn.shopify.com/s/files/1/0674/5433/7265/files/9781250439208_p0.jpg?v=1768984038,2026-08-12T19:34:23+00:00
"Jujutsu Kaisen, Vol. 2",Gege Akutami,11.99,,,4.9,10,Paperback,9781974710034,Out of Stock,,Graphic Novels & Comics - Manga | Manga | Action & Adventure Manga | Fantasy Manga | Shonen - General & Miscellaneous,https://www.barnesandnoble.com/w/jujutsu-kaisen-vol-2-gege-akutami/1132292916?ean=9781974710034,https://cdn.shopify.com/s/files/1/0674/5433/7265/files/9781974710034_p0.jpg?v=1764932337,2026-08-12T19:34:23+00:00
Rites of the Starling (Shield of Sparrows Series #2),Devney Perry,27.99,32.99,15.16,4.9,45,Hardcover,9781682816752,Out of Stock,,Science Fiction & Fantasy | Romance | Fantasy Fiction | Paranormal Romance | Epic Fantasy | Fantasy Romance,https://www.barnesandnoble.com/w/rites-of-the-starling-devney-perry/1148334932?ean=9781682816752,https://cdn.shopify.com/s/files/1/0674/5433/7265/files/9781682816752_p0.jpg?v=1776112930,2026-08-12T19:34:23+00:00
Heated Rivalry (Game Changers #2),Rachel Reid,18.99,,,4.6,67,Paperback,9781335534637,Out of Stock,,Romance | Fiction | Contemporary Romance | LGBT Fiction | Sports Romance | Gay Romance | LGBTQ+ Romance,https://www.barnesandnoble.com/w/heated-rivalry-rachel-reid/1129486546?ean=9781335534637,https://cdn.shopify.com/s/files/1/0674/5433/7265/files/9781335534637_p0.jpg?v=1773700429,2026-08-12T19:34:23+00:00
Sea of Charms: A Spellshop Novel,Sarah Beth Durst,26.99,29.99,10.0,4.7,63,Hardcover,9781250400673,Out of Stock,,Romance | Science Fiction & Fantasy | Romantic Fiction Themes | Paranormal Romance | Fantasy Fiction | Romantic Comedy | Fantasy Romance | Cozy Fantasy,https://www.barnesandnoble.com/w/sea-of-charms-sarah-beth-durst/1149268221?ean=9781250400673,https://cdn.shopify.com/s/files/1/0674/5433/7265/files/9781250400673_p0.jpg?v=1782309562,2026-08-12T19:34:23+00:00
To Kill a Mockingbird (Pulitzer Prize Winner),Harper Lee,16.99,,,4.6,153,Paperback,9780060935467,Out of Stock,,Fiction | Literature | Awards | Literary Fiction | 1961 Pulitzer Prize Winners | 1961-1970->Fiction->Pulitzer Prize | Pulitzer Prizes | All Winners - Pulitzer Prizes | Fiction Awards | Pulitzer Prize in Fiction | Fiction - Pulitzer Prize Winners,https://www.barnesandnoble.com/w/to-kill-a-mockingbird-harper-lee/1100151011?ean=9780060935467,https://cdn.shopify.com/s/files/1/0674/5433/7265/files/9780060935467_p0.jpg?v=1768984631,2026-08-12T19:34:23+00:00
Seven and the Swift (Shield of Sparrows Series #3),Devney Perry,27.99,32.99,15.16,,,Hardcover,9781682818251,Pre-Order,,Science Fiction & Fantasy | Romance | Fantasy Fiction | Paranormal Romance | Epic Fantasy | Fantasy Romance,https://www.barnesandnoble.com/w/seven-and-the-swift-devney-perry/1150506265?ean=9781682818251,https://cdn.shopify.com/s/files/1/0674/5433/7265/files/9781682818251_p0.jpg?v=1783420379,2026-08-12T19:34:23+00:00
The Midnight Library (GMA Book Club Pick),Matt Haig,18.0,,,4.4,112,Paperback,9780525559498,Out of Stock,,"Fiction | Awards | Literature | Fiction Subjects | World Fiction | Literary Styles & Movements - Fiction | Women's Fiction | English, Scottish, & Welsh Fiction | Existential Fiction | Women - Self Realization | English Fiction - 21st Century | Good Morning America Book Club Picks 2020 | Book Club Selections | Good Morning America Book Club",https://www.barnesandnoble.com/w/the-midnight-library-matt-haig/1136586832?ean=9780525559498,https://cdn.shopify.com/s/files/1/0674/5433/7265/files/9780525559498_p0.jpg?v=1775702386,2026-08-12T19:34:23+00:00
"Hollywood, Ending (Signed Edition)",John Green,27.0,32.0,15.62,,,Paperback,9780525556657,Pre-Order,,"Fiction | Literature | Fiction Subjects | Arts & Entertainment - Fiction | Literary Fiction | Love & Relationships - Fiction | Film, Television & Radio - Fiction | Actors and Actresses - Fiction | Relationships - Fiction",https://www.barnesandnoble.com/w/hollywood-ending-john-green/1149802863?ean=9780525556657,https://cdn.shopify.com/s/files/1/0674/5433/7265/files/9780525556657_p0.jpg?v=1781578900,2026-08-12T19:34:23+00:00
The Housemaid's Wedding: A Housemaid Novella,Freida McFadden,12.99,,,2.8,11,Paperback,9781628860016,Out of Stock,,Mystery & Thrillers | Fiction | Thrillers | Women's Fiction | Suspense Fiction | Psychological Suspense | Women - General & Miscellaneous - Fiction,https://www.barnesandnoble.com/w/the-housemaids-wedding-freida-mcfadden/1151066097?ean=9781628860016,https://cdn.shopify.com/s/files/1/0674/5433/7265/files/9781628860016_p0.jpg?v=1770856516,2026-08-12T19:34:23+00:00
"The Legacy (Off-Campus, #5)",Elle Kennedy,16.99,18.99,10.53,4.5,2,Paperback,9781990101069,Out of Stock,,Romance | Contemporary Romance | Other Romance Categories | Sports Romance | Romance - New Adult,https://www.barnesandnoble.com/w/the-legacy-elle-kennedy/1139126930?ean=9781990101069,https://cdn.shopify.com/s/files/1/0674/5433/7265/files/9781990101069_p0.jpg?v=1779142007,2026-08-12T19:34:23+00:00
The Art of Gravity Falls (B&N Exclusive Edition),Alex Hirsch,55.0,,,5.0,17,BN Exclusive (Hardcover),9781368119399,Pre-Order,,"Art, Architecture & Photography | Music, Film & Performing Arts | Social Sciences | Art - Fashion, Decorative Arts & Design | Art - History & Criticism | Television | Social Sciences - General & Miscellaneous | Graphic Arts & Book Design | Art by Subjects | Popular Culture Studies | Graphic Design - General & Miscellaneous | Popular Culture Art | Television Programs - General & Miscellaneous | Popular Culture - General & Miscellaneous",https://www.barnesandnoble.com/w/the-art-of-gravity-falls-alex-hirsch/1149628941,https://cdn.shopify.com/s/files/1/0674/5433/7265/files/9781368119399_p0.jpg?v=1772800679,2026-08-12T19:34:23+00:00
The Very Hungry Caterpillar,Eric Carle,10.99,,,4.6,64,Paperback,9780399226908,Out of Stock,,Kids | Fiction & Literature - Kids | Animals - Kids Fiction | Classics for Children - Kids Fiction | General & Miscellaneous Animals - Kids Fiction | Nature - Kids Fiction | Insects - Kids Fiction,https://www.barnesandnoble.com/w/the-very-hungry-caterpillar-eric-carle/1100472822?ean=9780399226908,https://cdn.shopify.com/s/files/1/0674/5433/7265/files/9780399226908_p0.jpg?v=1768999783,2026-08-12T19:34:23+00:00
1984,George Orwell,19.0,,,4.5,33,Paperback,9780452262935,Out of Stock,,"Science Fiction & Fantasy | Fiction | Literature | Fiction Subjects | World Fiction | Other Science Fiction Categories | Politics & Social Issues - Fiction | Settings & Atmosphere - Fiction | English, Scottish, & Welsh Fiction | Science Fiction Classics | Social Criticism - Fiction | Totalitarian States & Occupied Countries - Fiction | Utopias/Dystopias - Fiction | English Fiction - 20th Century - 1945-2000",https://www.barnesandnoble.com/w/1984-george-orwell/1100009100?ean=9780452262935,https://cdn.shopify.com/s/files/1/0674/5433/7265/files/9780452262935_p0.jpg?v=1765034679,2026-08-12T19:34:23+00:00
If Cats Disappeared from the World: A Novel,Genki Kawamura,14.99,16.99,11.77,4.3,36,Paperback,9781250257680,Out of Stock,,Fiction | Literature | World Fiction | Fiction Subjects | Japanese Fiction | Animals - Fiction | Literary Styles & Movements - Fiction | 21st Century Japanese Fiction | Cats - Fiction | Magic Realism,https://www.barnesandnoble.com/w/if-cats-disappeared-from-the-world-genki-kawamura/1127834244?ean=9781250257680,https://cdn.shopify.com/s/files/1/0674/5433/7265/files/9781250257680_p0.jpg?v=1765210462,2026-08-12T19:34:23+00:00
The Five-Star Weekend,Elin Hilderbrand,16.99,19.99,15.01,4.0,17,Paperback,9780316259187,Out of Stock,,Fiction | Fiction Subjects | Phases of Life - Fiction | Women's Fiction | Family & Friendship - Fiction | Middle Age - Fiction | Women of a Certain Age | Women - Between Friends | Friendship - Fiction,https://www.barnesandnoble.com/w/the-five-star-weekend-elin-hilderbrand/1142422496?ean=9780316259187,https://cdn.shopify.com/s/files/1/0674/5433/7265/files/9780316259187_p0.jpg?v=1780286292,2026-08-12T19:34:23+00:00
The Vanishing Cherry Blossom Bookshop (B&N Exclusive Edition),Takuya Asakura,12.99,,,4.1,28,BN Exclusive (Paperback),9780063568884,Out of Stock,177528,Fiction | Literature | Science Fiction & Fantasy | World Fiction | Fiction Subjects | Japanese Fiction | Literary Styles & Movements - Fiction | Fantasy Fiction | 21st Century Japanese Fiction | Magic Realism | Cozy Fantasy,https://www.barnesandnoble.com/w/the-vanishing-cherry-blossom-bookshop-takuya-asakura/1146982196,https://cdn.shopify.com/s/files/1/0674/5433/7265/files/9780063568884_p0.jpg?v=1770653251,2026-08-12T19:34:23+00:00
The Mirror of Infinite Endings (B&N Exclusive Edition): A Once Upon a Broken Heart Companion,Stephanie Garber,21.99,,,4.9,16,BN Exclusive (Hardcover),9781250474933,Pre-Order,,Teens & YA | Teen Fiction | Fantasy - Teen Fiction | Romance - Teen Fiction | Dark fantasy->Teen fiction | Romance->Fantasy->Teen fiction,https://www.barnesandnoble.com/w/the-mirror-of-infinite-endings-stephanie-garber/1149447811,https://cdn.shopify.com/s/files/1/0674/5433/7265/files/9781250474933_p0.jpg?v=1771613181,2026-08-12T19:34:23+00:00
Strangers: A Memoir of Marriage,Belle Burden,30.0,,,4.6,41,Hardcover,9780593733318,Out of Stock,,Biography | Parenting & Family | Self-Help & Relationships | General & Miscellaneous Biography | Family Issues | Women's Biography | Divorce | Family Memoirs - Biography | Biography - General & Miscellaneous | Women's Biography - General & Miscellaneous | Divorce - General & Miscellaneous | Marriage - Biography,https://www.barnesandnoble.com/w/strangers-belle-burden/1147241871?ean=9780593733318,https://cdn.shopify.com/s/files/1/0674/5433/7265/files/9780593733318_p0.jpg?v=1771991167,2026-08-12T19:34:23+00:00
Throne of Glass (Throne of Glass Series #1),Sarah J. Maas,19.0,,,4.6,132,Paperback,9781639730957,Out of Stock,,Science Fiction & Fantasy | Fantasy Fiction | Epic Fantasy | Fantasy - Women of Lore,https://www.barnesandnoble.com/w/throne-of-glass-sarah-j-maas/1141902141?ean=9781639730957,https://cdn.shopify.com/s/files/1/0674/5433/7265/files/9781639730957_p0.jpg?v=1771879196,2026-08-12T19:34:23+00:00
Cozy Cuties: Coloring Book for Adults and Kids,Coco Wyo,8.99,,,,,Paperback,9798217116850,Out of Stock,,Kids | Fiction & Literature - Kids | Animals - Kids Fiction | Activity Books - Kids Fiction | General & Miscellaneous Animals - Kids Fiction | Activity books->General & Miscellaneous->Children's fiction | Coloring books->Children's fiction,https://www.barnesandnoble.com/w/cozy-cuties-coco-wyo/1150127533?ean=9798217116850,https://cdn.shopify.com/s/files/1/0674/5433/7265/files/9798217116850_p0.jpg?v=1765253349,2026-08-12T19:34:23+00:00
The God of the Woods: A Novel,Liz Moore,16.0,19.0,15.79,4.0,54,Paperback,9780593418925,Out of Stock,,Fiction | Literature | Awards | Fiction Subjects | American Fiction | Family & Friendship - Fiction | Literary Fiction | Crimes - Fiction | 21st Century American Fiction | Family Sagas - Fiction | Missing Persons - Fiction | Family Secrets - Fiction | Best Novel Nominees->2025 Anthony Awards | Best Novel Nominees->2025 Barry Awards | Mystery/Thriller->2024 Los Angeles Times Book Prize Finalists | Barnes & Noble Book Club Selections 2024 | Mystery & Thriller Book Awards | Anthony Awards | 2025 Anthony Awards | Barry Awards | 2025 Barry Awards | Other Awards | Los Angeles Times Book Prizes | 2024 Los Angeles Times Book Prizes | Book Club Selections | Barnes & Noble Book Club | Best Books of the Year | Best Books of the Year 2024 | Barnes & Noble's Best Books of 2024 | Barnes & Noble's Best Fiction of 2024 | Barnes & Noble Book of the Year | Previous Barnes & Noble Book of the Year | 2024 Barnes & Noble Book of the Year | 2024 Barnes & Noble Book of the Year Finalists | People Magazine's Best Books of 2024 | People Magazine's 10 Best Books of 2024 | Barnes & Noble Monthly Picks | Previous Barnes & Noble Monthly Picks | 2025 Barnes & Noble Monthly Picks | November 2025 Barnes & Noble Monthly Picks,https://www.barnesandnoble.com/w/the-god-of-the-woods-liz-moore/1144221048?ean=9780593418925,https://cdn.shopify.com/s/files/1/0674/5433/7265/files/9780593418925_p0.jpg?v=1768956328,2026-08-12T19:34:23+00:00
Theo of Golden: A Novel,Allen Levi,12.99,,,4.6,139,EBook,9781668236536,In Stock,,Fiction | Literature | Fiction Subjects | Literary Fiction | Settings & Atmosphere - Fiction | Small Towns - Fiction,https://www.barnesandnoble.com/w/theo-of-golden-allen-levi/1143923011?ean=9781668236536,https://cdn.shopify.com/s/files/1/0674/5433/7265/files/9781668236536_p0.jpg?v=1771942061,2026-08-12T19:34:23+00:00
Tender Is the Flesh,Agustina Bazterrica,17.99,,,4.1,58,Paperback,9781982150921,Out of Stock,,Fiction | Literature | World Fiction | Fiction Subjects | Literary Fiction | Latin American Fiction | Politics & Social Issues - Fiction | Settings & Atmosphere - Fiction | Argentine Fiction | Social Criticism - Fiction | Utopias/Dystopias - Fiction | Vogue's Best Books of 2020 | Best Books of the Year | Best Books of the Year 2020,https://www.barnesandnoble.com/w/tender-is-the-flesh-agustina-bazterrica/1135277372?ean=9781982150921,https://cdn.shopify.com/s/files/1/0674/5433/7265/files/9781982150921_p0.jpg?v=1772808612,2026-08-12T19:34:23+00:00
The Giver (Newbery Medal Winner),Lois Lowry,11.99,,,4.0,493,Paperback,9780544336261,Out of Stock,,Teens & YA | Fiction | Teen Fiction | Movie & TV Tie-Ins | Classics - Teen Fiction | Science Fiction - Teen Fiction | Books at the Movies | Movies & TV - Teen Fiction | Young Adult Classics->Teen fiction | Science fiction->Dystopian->Teen fiction | Books at the movies->Teen fiction | Science fiction->Future->Teen fiction | 1988-2000 - Rebecca Caudill Young Readers' Book Award Winners | 1997 New Mexico Land of Enchantment Book Award | 1996 William Allen White Children's Book Award | 1997 Buckeye Children's Book Award->Grades 6-8 | 1996 Great Stone Face Book Award | 1995-2000 Winner - Garden State Teen Book Awards - Fiction Grades 6-8 | 1996 Pacific Northwest Library Association's Young Reader's Choice Award->Senior | 1995 Massachusetts Children's Book Award->Honor Book | 1994-1995 Maryland Black-Eyed Susan Book Award Winners | Grades 6-9->Maryland Black-Eyed Susan Book Award Winners | 1996 Oklahoma Sequoyah Book Award->Young Adult | 1994 Newbery Medal | 2007 Margaret A. Edwards Award Winner | 1991-2000->Boston Globe-Horn Book Honor Books->Fiction | Kids' Book Awards | Illinois Rebecca Caudill Young Readers' Book Award | All Winners - Rebecca Caudill Young Readers' Book Award | New Mexico Land of Enchantment Book Award | 1990s New Mexico Land of Enchantment Book Award | Kansas William Allen White Children's Book Awards | 1990s - Kansas William Allen White Children's Book Awards | Ohio Buckeye Children's Book Award | 1990s - Ohio Buckeye Children's Book Award | New Hampshire Great Stone Face Book Award | 1990s - New Hampshire Great Stone Face Book Award | Teen Book Awards | New Jersey Garden State Teen Book Awards | Garden State Teen Book Awards - Fiction Grades 6-8 | Pacific Northwest Library Association's Young Reader's Choice Award | 1990s Pacific Northwest Library Association's Young Reader's Choice Award | Massachusetts Children's Book Award | 1990s - Massachusetts Children's Book Award | Maryland Black-Eyed Susan Awards | Winners by Year - Maryland Black-Eyed Susan Book Awards | Winners by Category - Maryland Black-Eyed Susan Book Awards | Oklahoma Sequoyah Book Awards | 1990s - Oklahoma Sequoyah Book Awards | Newbery Medal | All Newbery Medal Winners | Margaret A. Edwards Award | Margaret A. Edwards Award - Previous Winners | Boston Globe-Horn Book Awards | Previous Honor Books - Boston Globe-Horn Book Awards,https://www.barnesandnoble.com/w/the-giver-lois-lowry/1100295882?ean=9780544336261,https://cdn.shopify.com/s/files/1/0674/5433/7265/files/9780544336261_p0.jpg?v=1765091346,2026-08-12T19:34:23+00:00
"Jujutsu Kaisen, Vol. 30",Gege Akutami,11.99,,,4.6,25,Paperback,9781974763405,Out of Stock,,Graphic Novels & Comics - Manga | Manga | Action & Adventure Manga | Fantasy Manga | Shonen - General & Miscellaneous,https://www.barnesandnoble.com/w/jujutsu-kaisen-vol-30-gege-akutami/1148560990?ean=9781974763405,https://cdn.shopify.com/s/files/1/0674/5433/7265/files/9781974763405_p0.jpg?v=1768975878,2026-08-12T19:34:23+00:00
Hunting Season (Signed B&N Exclusive Book) (The Seasons of Carnage Trilogy #3),Brynne Weaver,28.95,,,,,Signed Exclusive (Hardcover),9781638936688,Pre-Order,,Romance | Romantic Fiction Themes | Other Romance Categories | Romantic Comedy | Romance - New Adult | Romantic Suspense,https://www.barnesandnoble.com/w/hunting-season-brynne-weaver/1150844183,https://cdn.shopify.com/s/files/1/0674/5433/7265/files/9781638936688_p0.jpg?v=1784812560,2026-08-12T19:34:23+00:00
Witch Hat Atelier 1,Kamome Shirahama,12.99,,,4.7,78,Paperback,9781632367709,Out of Stock,,Graphic Novels & Comics - Manga | Manga | Fantasy Manga | Magical Girl Manga | Best U.S. Edition of International Material (Asia)->Eisner Award Winners | 2020 Eisner Award Winners | Graphic Novels & Comics Awards | Eisner Awards | Eisner Awards - Winners by Category | Eisner Awards - Previous Winners by Year,https://www.barnesandnoble.com/w/witch-hat-atelier-1-kamome-shirahama/1129102643?ean=9781632367709,https://cdn.shopify.com/s/files/1/0674/5433/7265/files/9781632367709_p0.jpg?v=1764887959,2026-08-12T19:34:23+00:00
The Ballad of Falling Dragons (Deluxe Limited Edition) (The Moonfall Series #2),Sarah A. Parker,31.0,34.0,8.82,4.7,37,Hardcover,9780063415898,Out of Stock,,Science Fiction & Fantasy | Romance | Fantasy Fiction | Paranormal Romance | Epic Fantasy | Fantasy Romance | Adventure fantasy->Other | Fantasy - Myths & Legends,https://www.barnesandnoble.com/w/the-ballad-of-falling-dragons-sarah-a-parker/1146054865?ean=9780063415898,https://cdn.shopify.com/s/files/1/0674/5433/7265/files/9780063415898_p0.jpg?v=1780349030,2026-08-12T19:34:23+00:00
Just for the Plot (Deluxe Edition),Meghan Quinn,16.99,19.99,15.01,4.8,18,Paperback,9781464237843,Out of Stock,,Romance | Contemporary Romance | Other Romance Categories | Sports Romance | Romance - New Adult,https://www.barnesandnoble.com/w/just-for-the-plot-meghan-quinn/1149389012?ean=9781464237843,https://cdn.shopify.com/s/files/1/0674/5433/7265/files/9781464237843_p0.jpg?v=1782310265,2026-08-12T19:34:23+00:00
The Gilded Blade (B&N Exclusive Edition),Jennifer Lynn Barnes,21.99,,,5.0,14,BN Exclusive (Hardcover),9780316609616,Out of Stock,,Teens & YA | Teen Fiction | Thrillers & Suspense - Teen fiction | Adventure & Survival - Teen Fiction | Family & Relationships - Teen Fiction | Mystery & Crime - Teen Fiction | Romance - Teen Fiction | Psychological thrillers->Teen fiction | Adventure->Teen fiction | Siblings->Teen fiction | Mysteries->Teen fiction | Romance->Contemporary->Teen fiction,https://www.barnesandnoble.com/w/the-gilded-blade-jennifer-lynn-barnes/1147912627,https://cdn.shopify.com/s/files/1/0674/5433/7265/files/9780316609616_p0.jpg?v=1781721161,2026-08-12T19:34:23+00:00
The Great Gatsby,F. Scott Fitzgerald,17.0,,,4.3,169,Paperback,9780743273565,Out of Stock,,"Fiction | Literature | Fiction Subjects | Movie & TV Tie-Ins | American Fiction | Business, Work, & Money - Fiction | Literary Styles & Movements - Fiction | Books at the Movies | Literary Fiction | Conflicts - Fiction | Love & Relationships - Fiction | Arts & Entertainment - Fiction | Motivations - Fiction | 20th Century American Fiction | American Literary Movements | Tycoons - Fiction | Fiction Classics - Other | Classic Fiction - Books at the Movies | Fiction Classics | Class Conflict - Fiction | Love Triangles - Fiction | Alienation & Disillusionment - Fiction | Jazz - Fiction | American Dream - Fiction | Hedonism & Decadence - Fiction | 20th Century American Fiction - 1920-1940 - Lost Generation",https://www.barnesandnoble.com/w/the-great-gatsby-f-scott-fitzgerald/1116668135?ean=9780743273565,https://cdn.shopify.com/s/files/1/0674/5433/7265/files/9780743273565_p0.jpg?v=1771080981,2026-08-12T19:34:23+00:00
The Knight and the Moth,Rachel Gillig,16.99,19.99,15.01,4.7,61,Paperback,9780316573757,Out of Stock,,Science Fiction & Fantasy | Romance | Fantasy Fiction | Paranormal Romance | Epic Fantasy | Dark Fantasy | Fantasy Romance | Best Books of the Year | Best Books of the Year 2025 | Barnes & Noble's Best Books of 2025 | Barnes & Noble's Best Science Fiction & Fantasy Books of 2025 | Harper's Bazaar Best Books of 2025 | Harper's Bazaar 10 Best Books of 2025,https://www.barnesandnoble.com/w/the-knight-and-the-moth-rachel-gillig/1146221051?ean=9780316573757,https://cdn.shopify.com/s/files/1/0674/5433/7265/files/9780316573757_p0.jpg?v=1785360281,2026-08-12T19:34:23+00:00
"Dungeon Crawler Carl, Vol. 1 (Graphic Novel)",Matt Dinniman,19.99,,,4.5,2,Paperback,9781638493655,Out of Stock,,"Graphic Novels & Comics | Science Fiction & Fantasy | Science Fiction, Fantasy & Horror Comics & Graphic Novels | Other Science Fiction Categories | Other Fantasy Fiction Categories | Science Fiction Comic Books & Graphic Novels | Fantasy Comic Books & Graphic Novels",https://www.barnesandnoble.com/w/dungeon-crawler-carl-vol-1-matt-dinniman/1146889387?ean=9781638493655,https://cdn.shopify.com/s/files/1/0674/5433/7265/files/9781638493655_p0.jpg?v=1764930946,2026-08-12T19:34:23+00:00
I Am Rebel (B&N Exclusive Edition) (2025 B&N Children's Book of the Year),Ross Montgomery,9.99,,,5.0,45,BN Exclusive (Paperback),9781536251265,Out of Stock,,"Kids | Fiction & Literature - Kids | Animals - Kids Fiction | Dogs - Kids Fiction | Adventure, Adventurers & Heroes - Kids Fiction | Social Issues - Kids Fiction | Dogs->Children's fiction | Barnes & Noble Monthly Picks | Previous Barnes & Noble Monthly Picks | 2025 Barnes & Noble Monthly Picks | June 2025 Barnes & Noble Monthly Picks | Best Books of the Year | Best Books of the Year 2025 | Barnes & Noble's Best Books of 2025 | Barnes & Noble's Best Young Reader Books of 2025 | Barnes & Noble Book of the Year | 2025 Barnes & Noble Book of the Year | 2025 Barnes & Noble Book of the Year Finalists | 2025 Barnes & Noble Children's Books of the Year",https://www.barnesandnoble.com/w/i-am-rebel-ross-montgomery/1144510238,https://cdn.shopify.com/s/files/1/0674/5433/7265/files/9781536251265_p0.jpg?v=1768966990,2026-08-12T19:34:23+00:00
The Martian,Andy Weir,19.0,,,4.7,445,Paperback,9780553418026,Out of Stock,,Science Fiction & Fantasy | Fiction | Fiction Subjects | High Tech and Hard Science Fiction | Space Exploration - Fiction | Science Fiction - Science of Space Travel | Science Fiction - Explorers & Frontier Worlds | Publishers Weekly's Best Mysteries/Thrillers of 2014 | Wall Street Journal's Best Fiction of 2014 | 2015 Alex Awards | 2015 Thriller Award Nominees | Best Books of the Year | Best Books of the Year 2014 | Publishers Weekly's Best Books of 2014 | Wall Street Journal's Best Books of 2014 | Teen Book Awards | Alex Awards | Previous Winners - Alex Awards | Mystery & Thriller Book Awards | Thriller Awards | Previous Thriller Award Nominees | Hi-Lo Fiction,https://www.barnesandnoble.com/w/the-martian-andy-weir/1114993828?ean=9780553418026,https://cdn.shopify.com/s/files/1/0674/5433/7265/files/9780553418026_p0.jpg?v=1765096507,2026-08-12T19:34:23+00:00
Never Lie,Freida McFadden,17.99,,,4.1,72,Paperback,9781728296166,Out of Stock,,Mystery & Thrillers | Thrillers | Psychological Suspense,https://www.barnesandnoble.com/w/never-lie-freida-mcfadden/1142398233?ean=9781728296166,https://cdn.shopify.com/s/files/1/0674/5433/7265/files/9781728296166_p0.jpg?v=1768976418,2026-08-12T19:34:23+00:00
Artemis,Andy Weir,21.0,,,4.6,11,Paperback,9780553448146,Out of Stock,,Mystery & Thrillers | Science Fiction & Fantasy | Fiction | Fiction Subjects | Thrillers | High Tech and Hard Science Fiction | Crimes - Fiction | Thrillers - Conspiracies & Cover-Ups | Science Fiction - High Tech | Smuggling - Fiction | Barnes & Noble's Best Fiction of 2017 | Best Books of the Year | Best Books of the Year 2017 | Barnes & Noble's Best Books of 2017,https://www.barnesandnoble.com/w/artemis-andy-weir/1126357957?ean=9780553448146,https://cdn.shopify.com/s/files/1/0674/5433/7265/files/9780553448146_p0.jpg?v=1765096541,2026-08-12T19:34:23+00:00
"The Psychology of Money: Timeless Lessons on Wealth, Greed, and Happiness",Morgan Housel,19.99,,,5.0,2,Paperback,9780857197689,Out of Stock,,"Business | Self-Help & Relationships | Personal Finance & Investing | Professional Finance & Investing | Personal Growth | Corporate Finance | Personal Finance - General & Miscellaneous | Success, Motivation & Self-Esteem | Financial Risk Management | Personal finance->Psychological aspects | Money->Psychological aspects | Wealth->Psychological aspects",https://www.barnesandnoble.com/w/the-psychology-of-money-morgan-housel/1136394564?ean=9780857197689,https://cdn.shopify.com/s/files/1/0674/5433/7265/files/9780857197689_p0.jpg?v=1783959815,2026-08-12T19:34:23+00:00
"Max, a Little Axolotl #1 (An Original Graphic Novel)",Joey Spiotto,12.99,,,5.0,2,Paperback,9781546169451,Out of Stock,,Kids | Fiction & Literature - Kids | Animals - Kids Fiction | Comic Books & Graphic Novels - Kids Fiction | Humor - Kids Fiction | General & Miscellaneous Animals - Kids Fiction | Comics (Graphic novels)->Humorous->Children's fiction,https://www.barnesandnoble.com/w/max-a-little-axolotl-1-joey-spiotto/1146576045?ean=9781546169451,https://cdn.shopify.com/s/files/1/0674/5433/7265/files/9781546169451_p0.jpg?v=1765385915,2026-08-12T19:34:23+00:00
